{"probabilities": {"2": 0.02716, "3": 0.05496, "4": 0.08254, "5": 0.11222, "6": 0.13837, "7": 0.16613, "8": 0.1392, "9": 0.11107, "10": 0.0845, "11": 0.05598, "12": 0.02787}, "theoretical_probabilities": {"2": 0.027777777777777776, "3": 0.05555555555555555, "4": 0.08333333333333333, "5": 0.1111111111111111, "6": 0.1388888888888889, "7": 0.16666666666666666, "8": 0.1388888888888889, "9": 0.1111111111111111, "10": 0.08333333333333333, "11": 0.05555555555555555, "12": 0.027777777777777776}, "readme_path": "C:\\Projects\\goit-algo-fp\\Task7\\readme.md", "plot_path": "probabilities_plot.png"}